{
    "epoch": 2.069691219596343,
    "total_flos": 9.796174144339968e+19,
    "train_loss": 1.0569384438594183,
    "train_runtime": 13547.6315,
    "train_samples_per_second": 7.086,
    "train_steps_per_second": 0.443
}